{
  "ep_length_mean": [
    500.0,
    500.0,
    500.0,
    500.0,
    500.0,
    500.0,
    500.0,
    500.0,
    500.0,
    500.0,
    500.0,
    500.0,
    500.0,
    500.0,
    500.0,
    500.0,
    500.0,
    500.0,
    500.0,
    500.0,
    500.0
  ],
  "ep_length_mean_T": [
    500,
    10500,
    20500,
    30500,
    40500,
    50500,
    60500,
    70500,
    80500,
    90500,
    100500,
    110500,
    120500,
    130500,
    140500,
    150500,
    160500,
    170500,
    180500,
    190500,
    200500
  ],
  "episode": [
    10,
    20,
    30,
    40,
    50,
    60,
    70,
    80,
    90,
    100,
    110,
    120,
    130,
    140,
    150,
    160,
    170,
    180,
    190,
    200,
    210,
    220,
    230,
    240,
    250,
    260,
    270,
    280,
    290,
    300,
    310,
    320,
    330,
    340,
    350,
    360,
    370,
    380,
    390,
    400
  ],
  "episode_T": [
    5000,
    10000,
    15000,
    20000,
    25000,
    30000,
    35000,
    40000,
    45000,
    50000,
    55000,
    60000,
    65000,
    70000,
    75000,
    80000,
    85000,
    90000,
    95000,
    100000,
    105000,
    110000,
    115000,
    120000,
    125000,
    130000,
    135000,
    140000,
    145000,
    150000,
    155000,
    160000,
    165000,
    170000,
    175000,
    180000,
    185000,
    190000,
    195000,
    200000
  ],
  "epsilon": [
    1.0,
    0.81,
    0.6200000000000001,
    0.43000000000000005,
    0.2400000000000001,
    0.050000000000000155,
    0.05,
    0.05,
    0.05,
    0.05,
    0.05,
    0.05,
    0.05,
    0.05,
    0.05,
    0.05,
    0.05,
    0.05,
    0.05,
    0.05,
    0.05
  ],
  "epsilon_T": [
    500,
    10500,
    20500,
    30500,
    40500,
    50500,
    60500,
    70500,
    80500,
    90500,
    100500,
    110500,
    120500,
    130500,
    140500,
    150500,
    160500,
    170500,
    180500,
    190500,
    200500
  ],
  "grad_norm": [
    3.3255436420440674,
    1.1067478656768799,
    0.25102540850639343,
    0.7421099543571472,
    0.6807005405426025,
    0.7113029360771179,
    1.618826985359192,
    3.113706350326538,
    3.0710177421569824,
    4.086849689483643,
    20.12177276611328,
    5.542096138000488,
    8.593083381652832,
    23.613887786865234,
    13.640172958374023,
    4.614706993103027,
    9.387872695922852,
    4.847733020782471,
    7.9913105964660645
  ],
  "grad_norm_T": [
    16000,
    26000,
    36000,
    46000,
    56000,
    66000,
    76000,
    86000,
    96000,
    106000,
    116000,
    126000,
    136000,
    146000,
    156000,
    166000,
    176000,
    186000,
    196000
  ],
  "loss": [
    1.0511225461959839,
    1.0120412111282349,
    0.9647468328475952,
    0.8520743250846863,
    0.87913578748703,
    0.5780878067016602,
    0.489228755235672,
    0.27089235186576843,
    1.3555183410644531,
    0.962451696395874,
    0.9290218353271484,
    0.29070958495140076,
    0.5187656283378601,
    0.7543317675590515,
    0.31560802459716797,
    0.1162298396229744,
    0.6022984981536865,
    0.15505415201187134,
    0.35050711035728455
  ],
  "loss_T": [
    16000,
    26000,
    36000,
    46000,
    56000,
    66000,
    76000,
    86000,
    96000,
    106000,
    116000,
    126000,
    136000,
    146000,
    156000,
    166000,
    176000,
    186000,
    196000
  ],
  "q_taken_mean": [
    0.21744113159179687,
    0.28515106201171875,
    0.3096920166015625,
    0.2730850830078125,
    0.30724462890625,
    0.3670508422851563,
    0.41347244262695315,
    0.4188918762207031,
    0.43851519775390624,
    0.4004840087890625,
    0.422032470703125,
    0.40729766845703125,
    0.47827972412109376,
    0.46818060302734377,
    0.4055172424316406,
    0.3456668701171875,
    0.38411004638671875,
    0.4284124145507813,
    0.349708740234375
  ],
  "q_taken_mean_T": [
    16000,
    26000,
    36000,
    46000,
    56000,
    66000,
    76000,
    86000,
    96000,
    106000,
    116000,
    126000,
    136000,
    146000,
    156000,
    166000,
    176000,
    186000,
    196000
  ],
  "return_mean": [
    {
      "dtype": "float64",
      "py/object": "numpy.float64",
      "value": 0.0
    },
    {
      "dtype": "float64",
      "py/object": "numpy.float64",
      "value": 0.35
    },
    {
      "dtype": "float64",
      "py/object": "numpy.float64",
      "value": 0.3
    },
    {
      "dtype": "float64",
      "py/object": "numpy.float64",
      "value": 0.4
    },
    {
      "dtype": "float64",
      "py/object": "numpy.float64",
      "value": 0.1
    },
    {
      "dtype": "float64",
      "py/object": "numpy.float64",
      "value": 0.0
    },
    {
      "dtype": "float64",
      "py/object": "numpy.float64",
      "value": 0.05
    },
    {
      "dtype": "float64",
      "py/object": "numpy.float64",
      "value": 0.0
    },
    {
      "dtype": "float64",
      "py/object": "numpy.float64",
      "value": 0.0
    },
    {
      "dtype": "float64",
      "py/object": "numpy.float64",
      "value": 0.05
    },
    {
      "dtype": "float64",
      "py/object": "numpy.float64",
      "value": 0.0
    },
    {
      "dtype": "float64",
      "py/object": "numpy.float64",
      "value": 0.0
    },
    {
      "dtype": "float64",
      "py/object": "numpy.float64",
      "value": 0.1
    },
    {
      "dtype": "float64",
      "py/object": "numpy.float64",
      "value": 0.1
    },
    {
      "dtype": "float64",
      "py/object": "numpy.float64",
      "value": 0.0
    },
    {
      "dtype": "float64",
      "py/object": "numpy.float64",
      "value": 0.15
    },
    {
      "dtype": "float64",
      "py/object": "numpy.float64",
      "value": 0.05
    },
    {
      "dtype": "float64",
      "py/object": "numpy.float64",
      "value": 0.05
    },
    {
      "dtype": "float64",
      "py/object": "numpy.float64",
      "value": 0.05
    },
    {
      "dtype": "float64",
      "py/object": "numpy.float64",
      "value": 0.05
    },
    {
      "dtype": "float64",
      "py/object": "numpy.float64",
      "value": 0.0
    }
  ],
  "return_mean_T": [
    500,
    10500,
    20500,
    30500,
    40500,
    50500,
    60500,
    70500,
    80500,
    90500,
    100500,
    110500,
    120500,
    130500,
    140500,
    150500,
    160500,
    170500,
    180500,
    190500,
    200500
  ],
  "return_std": [
    {
      "dtype": "float64",
      "py/object": "numpy.float64",
      "value": 0.0
    },
    {
      "dtype": "float64",
      "py/object": "numpy.float64",
      "value": 0.5722761571129799
    },
    {
      "dtype": "float64",
      "py/object": "numpy.float64",
      "value": 0.5567764362830021
    },
    {
      "dtype": "float64",
      "py/object": "numpy.float64",
      "value": 0.48989794855663565
    },
    {
      "dtype": "float64",
      "py/object": "numpy.float64",
      "value": 0.30000000000000004
    },
    {
      "dtype": "float64",
      "py/object": "numpy.float64",
      "value": 0.0
    },
    {
      "dtype": "float64",
      "py/object": "numpy.float64",
      "value": 0.21794494717703364
    },
    {
      "dtype": "float64",
      "py/object": "numpy.float64",
      "value": 0.0
    },
    {
      "dtype": "float64",
      "py/object": "numpy.float64",
      "value": 0.0
    },
    {
      "dtype": "float64",
      "py/object": "numpy.float64",
      "value": 0.21794494717703364
    },
    {
      "dtype": "float64",
      "py/object": "numpy.float64",
      "value": 0.0
    },
    {
      "dtype": "float64",
      "py/object": "numpy.float64",
      "value": 0.0
    },
    {
      "dtype": "float64",
      "py/object": "numpy.float64",
      "value": 0.30000000000000004
    },
    {
      "dtype": "float64",
      "py/object": "numpy.float64",
      "value": 0.30000000000000004
    },
    {
      "dtype": "float64",
      "py/object": "numpy.float64",
      "value": 0.0
    },
    {
      "dtype": "float64",
      "py/object": "numpy.float64",