{
  "ep_length_mean": [
    500.0,
    500.0,
    500.0,
    500.0,
    500.0,
    500.0,
    500.0,
    500.0,
    500.0,
    500.0,
    500.0,
    500.0,
    500.0,
    500.0,
    500.0,
    500.0,
    500.0,
    500.0,
    500.0,
    500.0,
    500.0,
    500.0,
    500.0,
    500.0,
    500.0,
    500.0,
    500.0,
    500.0,
    500.0,
    500.0,
    500.0,
    500.0,
    500.0,
    500.0,
    500.0
  ],
  "ep_length_mean_T": [
    500,
    10500,
    20500,
    30500,
    40500,
    50500,
    60500,
    70500,
    80500,
    90500,
    100500,
    110500,
    120500,
    130500,
    140500,
    150500,
    160500,
    170500,
    180500,
    190500,
    200500,
    210500,
    220500,
    230500,
    240500,
    250500,
    260500,
    270500,
    280500,
    290500,
    300500,
    310500,
    320500,
    330500,
    340500
  ],
  "episode": [
    100,
    200,
    300,
    400,
    500,
    600
  ],
  "episode_T": [
    50000,
    100000,
    150000,
    200000,
    250000,
    300000
  ],
  "epsilon": [
    1.0,
    0.81,
    0.6200000000000001,
    0.43000000000000005,
    0.2400000000000001,
    0.050000000000000155,
    0.05,
    0.05,
    0.05,
    0.05,
    0.05,
    0.05,
    0.05,
    0.05,
    0.05,
    0.05,
    0.05,
    0.05,
    0.05,
    0.05,
    0.05,
    0.05,
    0.05,
    0.05,
    0.05,
    0.05,
    0.05,
    0.05,
    0.05,
    0.05,
    0.05,
    0.05,
    0.05,
    0.05,
    0.05
  ],
  "epsilon_T": [
    500,
    10500,
    20500,
    30500,
    40500,
    50500,
    60500,
    70500,
    80500,
    90500,
    100500,
    110500,
    120500,
    130500,
    140500,
    150500,
    160500,
    170500,
    180500,
    190500,
    200500,
    210500,
    220500,
    230500,
    240500,
    250500,
    260500,
    270500,
    280500,
    290500,
    300500,
    310500,
    320500,
    330500,
    340500
  ],
  "grad_norm": [
    2.1299960613250732,
    1.389249324798584,
    0.8764787316322327,
    0.7734498977661133,
    1.098126769065857,
    0.49793925881385803,
    3.1865055561065674,
    0.938858687877655,
    7.229326248168945,
    1.5806193351745605,
    2.8098082542419434,
    5.319772243499756,
    2.916595697402954,
    2.124699592590332,
    2.327972173690796,
    2.003655433654785,
    1.9382225275039673,
    3.5906858444213867,
    2.3907861709594727,
    7.52197265625,
    8.986407279968262,
    3.5482659339904785,
    3.250828742980957,
    71.98345947265625,
    6.0687360763549805,
    11.6400728225708,
    8.558422088623047,
    50.193267822265625,
    4.732583522796631,
    15.953598022460938,
    7.135148525238037,
    11.49415397644043,
    6.32933235168457
  ],
  "grad_norm_T": [
    16000,
    26000,
    36000,
    46000,
    56000,
    66000,
    76000,
    86000,
    96000,
    106000,
    116000,
    126000,
    136000,
    146000,
    156000,
    166000,
    176000,
    186000,
    196000,
    206000,
    216000,
    226000,
    236000,
    246000,
    256000,
    266000,
    276000,
    286000,
    296000,
    306000,
    316000,
    326000,
    336000
  ],
  "loss": [
    1.0318808555603027,
    1.7049429416656494,
    1.0730624198913574,
    1.0444356203079224,
    0.4484018087387085,
    0.701675295829773,
    0.5011489391326904,
    0.587280809879303,
    0.2658361792564392,
    0.11591188609600067,
    0.2816118001937866,
    0.4825938940048218,
    0.17349304258823395,
    0.4051738381385803,
    0.08198090642690659,
    0.22409814596176147,
    0.21695122122764587,
    0.7900437116622925,
    0.3542144298553467,
    1.0396572351455688,
    0.3594599664211273,
    0.07514882832765579,
    0.0862339437007904,
    1.1587684154510498,
    0.1449580192565918,
    1.0218473672866821,
    0.2836734652519226,
    0.8055886030197144,
    0.18990282714366913,
    0.7067102193832397,
    0.24065497517585754,
    0.3956550061702728,
    0.21040524542331696
  ],
  "loss_T": [
    16000,
    26000,
    36000,
    46000,
    56000,
    66000,
    76000,
    86000,
    96000,
    106000,
    116000,
    126000,
    136000,
    146000,
    156000,
    166000,
    176000,
    186000,
    196000,
    206000,
    216000,
    226000,
    236000,
    246000,
    256000,
    266000,
    276000,
    286000,
    296000,
    306000,
    316000,
    326000,
    336000
  ],
  "q_taken_mean": [
    -0.2320654296875,
    -0.26686126708984376,
    -0.24951107788085938,
    -0.25012564086914063,
    -0.24387759399414063,
    -0.194590576171875,
    -0.1786406707763672,
    -0.1831632995605469,
    -0.24761346435546874,
    -0.20289205932617188,
    -0.25085321044921877,
    -0.20349517822265625,
    -0.2210167694091797,
    -0.221195556640625,
    -0.22411611938476564,
    -0.2435654296875,
    -0.2612447204589844,
    -0.207091796875,
    -0.2589766540527344,
    -0.23518077087402345,
    -0.21944804382324218,
    -0.1311930389404297,
    -0.2411748046875,
    0.03068487548828125,
    -0.09461345672607421,
    -0.23058636474609376,
    -0.0912257080078125,
    -0.26554031372070314,
    -0.2052205047607422,
    -0.006409850120544434,
    -0.22889581298828124,
    -0.20800140380859375,
    -0.086541259765625
  ],
  "q_taken_mean_T": [
    16000,
    26000,
    36000,
    46000,
    56000,
    66000,
    76000,
    86000,
    96000,
    106000,
    116000,
    126000,
    136000,
    146000,
    156000,
    166000,
    176000,
    186000,
    196000,
    206000,
    216000,
    226000,
    236000,
    246000,
    256000,
    266000,
    276000,
    286000,
    296000,
    306000,
    316000,
    326000,
    336000
  ],
  "return_mean": [
    {
      "dtype": "float64",
      "py/object": "numpy.float64",
      "value": 1.0
    },
    {
      "dtype": "float64",
      "py/object": "numpy.float64",
      "value": 0.0
    },
    {
      "dtype": "float64",
      "py/object": "numpy.float64",
      "value": 0.25
    },
    {
      "dtype": "float64",
      "py/object": "numpy.float64",
      "value": 0.4
    },
    {
      "dtype": "float64",
      "py/object": "numpy.float64",
      "value": 0.3
    },
    {
      "dtype": "float64",
      "py/object": "numpy.float64",
      "value": 0.0
    },
    {
      "dtype": "float64",
      "py/object": "numpy.float64",
      "value": 0.0
    },
    {
      "dtype": "float64",
      "py/object": "numpy.float64",
      "value": 0.0
    },
    {
      "dtype": "float64",
      "py/object": "numpy.float64",
      "value": 0.0
    },
    {
      "dtype": "float64",
      "py/object": "numpy.float64",
      "value": 0.05
    },
    {
      "dtype": "float64",
      "py/object": "numpy.float64",
      "value": 0.0
    },
    {
      "dtype": "float64",
      "py/object": "numpy.float64",
      "value": 0.0
    },
    {
      "dtype": "float64",
      "py/object": "numpy.float64",
      "value": 0.05
    },
    {
      "dtype": "float64",
      "py/object": "numpy.float64",
      "value": 0.0
    },
    {
      "dtype": "float64",
      "py/object": "numpy.float64",
      "value": 0.0
    },
    {
      "dtype": "float64",
      "py/object": "numpy.float64",
      "value": 0.0
    },
    {
      "dtype": "float64",
      "py/object": "numpy.float64",
      "value": 0.0
    },
    {
      "dtype": "float64",
      "py/object": "numpy.float64",
      "value": 0.0
    },
    {
      "dtype": "float64",
      "py/object": "numpy.float64",
      "value": 0.0
    },
    {
      "dtype": "float64",
      "py/object": "numpy.float64",
      "value": 0.0
    },
    {
      "dtype": "float64",
      "py/object": "numpy.float64",
      "value": 0.1
    },
    {
      "dtype": "float64",
      "py/object": "numpy.float64",
      "value": 0.0
    },
    {
      "dtype": "float64",
      "py/object": "numpy.float64",
      "value": 0.0
    },
    {
      "dtype": "float64",
      "py/object": "numpy.float64",
      "value": 0.2
    },
    {
      "dtype": "float64",
      "py/object": "numpy.float64",
      "value": 0.0
    },
    {
      "dtype": "float64",
      "py/object": "numpy.float64",