{
  "advantage_mean": [
    0.06077291259765625
  ],
  "advantage_mean_T": [
    5000
  ],
  "agent_grad_norm": [
    0.01982445828616619
  ],
  "agent_grad_norm_T": [
    5000
  ],
  "critic_grad_norm": [
    0.41026875376701355
  ],
  "critic_grad_norm_T": [
    5000
  ],
  "critic_loss": [
    0.006439513992518187
  ],
  "critic_loss_T": [
    5000
  ],
  "ep_length_mean": [
    500.0
  ],
  "ep_length_mean_T": [
    5000
  ],
  "pg_loss": [
    -0.06235506758093834
  ],
  "pg_loss_T": [
    5000
  ],
  "pi_max": [
    0.237535546875
  ],
  "pi_max_T": [
    5000
  ],
  "q_taken_mean": [
    -0.06736439208984375
  ],
  "q_taken_mean_T": [
    5000
  ],
  "return_mean": [
    {
      "dtype": "float64",
      "py/object": "numpy.float64",
      "value": 0.1
    }
  ],
  "return_mean_T": [
    5000
  ],
  "return_std": [
    {
      "dtype": "float64",
      "py/object": "numpy.float64",
      "value": 0.30000000000000004
    }
  ],
  "return_std_T": [
    5000
  ],
  "target_mean": [
    -0.006591481018066407
  ],
  "target_mean_T": [
    5000
  ],
  "td_error_abs": [
    0.0617197265625
  ],
  "td_error_abs_T": [
    5000
  ],
  "test_ep_length_mean": [
    500.0
  ],
  "test_ep_length_mean_T": [
    5000
  ],
  "test_return_mean": [
    {
      "dtype": "float64",
      "py/object": "numpy.float64",
      "value": 0.08
    }
  ],
  "test_return_mean_T": [
    5000
  ],
  "test_return_std": [
    {
      "dtype": "float64",
      "py/object": "numpy.float64",
      "value": 0.2712931993250107
    }
  ],
  "test_return_std_T": [
    5000
  ]
}