{
  "advantage_mean": [
    0.0340938232421875
  ],
  "advantage_mean_T": [
    5000
  ],
  "agent_grad_norm": [
    0.009829764254391193
  ],
  "agent_grad_norm_T": [
    5000
  ],
  "critic_grad_norm": [
    0.24103662371635437
  ],
  "critic_grad_norm_T": [
    5000
  ],
  "critic_loss": [
    0.0036907531321048737
  ],
  "critic_loss_T": [
    5000
  ],
  "ep_length_mean": [
    500.0
  ],
  "ep_length_mean_T": [
    5000
  ],
  "pg_loss": [
    -0.03570370003581047
  ],
  "pg_loss_T": [
    5000
  ],
  "pi_max": [
    0.22192177734375
  ],
  "pi_max_T": [
    5000
  ],
  "q_taken_mean": [
    -0.06445316162109375
  ],
  "q_taken_mean_T": [
    5000
  ],
  "return_mean": [
    {
      "dtype": "float64",
      "py/object": "numpy.float64",
      "value": 0.1
    }
  ],
  "return_mean_T": [
    5000
  ],
  "return_std": [
    {
      "dtype": "float64",
      "py/object": "numpy.float64",
      "value": 0.30000000000000004
    }
  ],
  "return_std_T": [
    5000
  ],
  "target_mean": [
    -0.03035933837890625
  ],
  "target_mean_T": [
    5000
  ],
  "td_error_abs": [
    0.03744106750488281
  ],
  "td_error_abs_T": [
    5000
  ]
}