{
  "ep_length_mean": [
    500.0,
    500.0,
    500.0,
    500.0,
    500.0,
    500.0,
    500.0,
    500.0,
    500.0,
    500.0,
    500.0,
    500.0,
    500.0,
    500.0,
    500.0,
    500.0,
    500.0,
    500.0,
    500.0,
    500.0,
    500.0,
    500.0,
    500.0,
    500.0,
    500.0,
    500.0
  ],
  "ep_length_mean_T": [
    500,
    10500,
    20500,
    30500,
    40500,
    50500,
    60500,
    70500,
    80500,
    90500,
    100500,
    110500,
    120500,
    130500,
    140500,
    150500,
    160500,
    170500,
    180500,
    190500,
    200500,
    210500,
    220500,
    230500,
    240500,
    250500
  ],
  "episode": [
    100,
    200,
    300,
    400,
    500
  ],
  "episode_T": [
    50000,
    100000,
    150000,
    200000,
    250000
  ],
  "epsilon": [
    1.0,
    0.81,
    0.6200000000000001,
    0.43000000000000005,
    0.2400000000000001,
    0.050000000000000155,
    0.05,
    0.05,
    0.05,
    0.05,
    0.05,
    0.05,
    0.05,
    0.05,
    0.05,
    0.05,
    0.05,
    0.05,
    0.05,
    0.05,
    0.05,
    0.05,
    0.05,
    0.05,
    0.05,
    0.05
  ],
  "epsilon_T": [
    500,
    10500,
    20500,
    30500,
    40500,
    50500,
    60500,
    70500,
    80500,
    90500,
    100500,
    110500,
    120500,
    130500,
    140500,
    150500,
    160500,
    170500,
    180500,
    190500,
    200500,
    210500,
    220500,
    230500,
    240500,
    250500
  ],
  "grad_norm": [
    3.6617581844329834,
    1.029114842414856,
    0.36104732751846313,
    0.6998711824417114,
    0.4607335031032562,
    0.9087879657745361,
    2.9574005603790283,
    0.8833464980125427,
    2.768554449081421,
    3.221254825592041,
    8.412261962890625,
    4.658921718597412,
    3.990382432937622,
    4.10002326965332,
    3.537090301513672,
    3.2956793308258057,
    5.357533931732178,
    2.642951726913452,
    52.75591278076172,
    6.245843887329102,
    7.498849868774414,
    8.349961280822754,
    23.66292953491211,
    11.143365859985352
  ],
  "grad_norm_T": [
    16000,
    26000,
    36000,
    46000,
    56000,
    66000,
    76000,
    86000,
    96000,
    106000,
    116000,
    126000,
    136000,
    146000,
    156000,
    166000,
    176000,
    186000,
    196000,
    206000,
    216000,
    226000,
    236000,
    246000
  ],
  "loss": [
    1.0457065105438232,
    1.004205584526062,
    0.9699295163154602,
    0.8191744089126587,
    0.833665668964386,
    0.35291117429733276,
    0.4648574888706207,
    0.5931753516197205,
    0.4514029920101166,
    0.36860474944114685,
    0.29866620898246765,
    0.5451187491416931,
    0.38397014141082764,
    0.1480281949043274,
    0.2202945351600647,
    0.21227581799030304,
    0.2910037934780121,
    0.35662543773651123,
    0.5366175770759583,
    0.0891137570142746,
    0.23190976679325104,
    0.30945318937301636,
    0.83340984582901,
    0.31978556513786316
  ],
  "loss_T": [
    16000,
    26000,
    36000,
    46000,
    56000,
    66000,
    76000,
    86000,
    96000,
    106000,
    116000,
    126000,
    136000,
    146000,
    156000,
    166000,
    176000,
    186000,
    196000,
    206000,
    216000,
    226000,
    236000,
    246000
  ],
  "q_taken_mean": [
    0.2175262451171875,
    0.27711016845703124,
    0.24269435119628907,
    0.2024271240234375,
    0.22958929443359374,
    0.23054962158203124,
    0.19702757263183593,
    0.240113037109375,
    0.255346435546875,
    0.3221319580078125,
    0.214714111328125,
    0.24612466430664062,
    0.2541805419921875,
    0.29692376708984375,
    0.21270599365234374,
    0.2235122985839844,
    0.17794046020507812,
    0.20398414611816407,
    0.4216648254394531,
    0.29295257568359373,
    0.18787681579589843,
    0.2716552429199219,
    0.255731201171875,
    0.28489874267578125
  ],
  "q_taken_mean_T": [
    16000,
    26000,
    36000,
    46000,
    56000,
    66000,
    76000,
    86000,
    96000,
    106000,
    116000,
    126000,
    136000,
    146000,
    156000,
    166000,
    176000,
    186000,
    196000,
    206000,
    216000,
    226000,
    236000,
    246000
  ],
  "return_mean": [
    {
      "dtype": "float64",
      "py/object": "numpy.float64",
      "value": 0.0
    },
    {
      "dtype": "float64",
      "py/object": "numpy.float64",
      "value": 0.3
    },
    {
      "dtype": "float64",
      "py/object": "numpy.float64",
      "value": 0.75
    },
    {
      "dtype": "float64",
      "py/object": "numpy.float64",
      "value": 0.55
    },
    {
      "dtype": "float64",
      "py/object": "numpy.float64",
      "value": 0.1
    },
    {
      "dtype": "float64",
      "py/object": "numpy.float64",
      "value": 0.05
    },
    {
      "dtype": "float64",
      "py/object": "numpy.float64",
      "value": 0.0
    },
    {
      "dtype": "float64",
      "py/object": "numpy.float64",
      "value": 0.05
    },
    {
      "dtype": "float64",
      "py/object": "numpy.float64",
      "value": 0.0
    },
    {
      "dtype": "float64",
      "py/object": "numpy.float64",
      "value": 0.0
    },
    {
      "dtype": "float64",
      "py/object": "numpy.float64",
      "value": 0.05
    },
    {
      "dtype": "float64",
      "py/object": "numpy.float64",
      "value": 0.0
    },
    {
      "dtype": "float64",
      "py/object": "numpy.float64",
      "value": 0.0
    },
    {
      "dtype": "float64",
      "py/object": "numpy.float64",
      "value": 0.05
    },
    {
      "dtype": "float64",
      "py/object": "numpy.float64",
      "value": 0.0
    },
    {
      "dtype": "float64",
      "py/object": "numpy.float64",
      "value": 0.1
    },
    {
      "dtype": "float64",
      "py/object": "numpy.float64",
      "value": 0.1
    },
    {
      "dtype": "float64",
      "py/object": "numpy.float64",
      "value": 0.1
    },
    {
      "dtype": "float64",
      "py/object": "numpy.float64",
      "value": 0.05
    },
    {
      "dtype": "float64",
      "py/object": "numpy.float64",
      "value": 0.0
    },
    {
      "dtype": "float64",
      "py/object": "numpy.float64",
      "value": 0.1
    },
    {
      "dtype": "float64",
      "py/object": "numpy.float64",
      "value": 0.1
    },
    {
      "dtype": "float64",
      "py/object": "numpy.float64",
      "value": 0.15
    },
    {
      "dtype": "float64",
      "py/object": "numpy.float64",
      "value": 0.1
    },
    {
      "dtype": "float64",
      "py/object": "numpy.float64",
      "value": 0.05
    },
    {
      "dtype": "float64",
      "py/object": "numpy.float64",
      "value": 0.0
    }
  ],
  "return_mean_T": [
    500,
    10500,
    20500,
    30500,
    40500,
    50500,
    60500,
    70500,
    80500,
    90500,
    100500,
    110500,
    120500,
    130500,
    140500,
    150500,
    160500,
    170500,
    180500,
    190500,
    200500,
    210500,
    220500,
    230500,
    240500,
    250500
  ],
  "return_std": [
    {
      "dtype": "float64",
      "py/object": "numpy.float64",
      "value": 0.0
    },
    {
      "dtype": "float64",
      "py/object": "numpy.float64",
      "value": 0.45825756949558394
    },
    {
      "dtype": "float64",
      "py/object": "numpy.float64",
      "value": 0.9420721840708386
    },
    {
      "dtype": "float64",
      "py/object": "numpy.float64",
      "value": 0.6689544080129826
    },
    {
      "dtype": "float64",
      "py/object": "numpy.float64",
      "value": 0.30000000000000004
    },
    {
      "dtype": "float64",
      "py/object": "numpy.float64",
      "value": 0.21794494717703364
    },
    {
      "dtype": "float64",
      "py/object": "numpy.float64",
      "value": 0.0
    },
    {
      "dtype": "float64",
      "py/object": "numpy.float64",
      "value": 0.21794494717703364
    },
    {
      "dtype": "float64",
      "py/object": "numpy.float64",
      "value": 0.0
    },
    {
      "dtype": "float64",
      "py/object": "numpy.float64",