{
  "ep_length_mean": [
    1000.0,
    1000.0,
    1000.0,
    1000.0,
    1000.0,
    1000.0,
    1000.0,
    1000.0,
    1000.0,
    1000.0,
    1000.0,
    1000.0,
    1000.0,
    1000.0,
    1000.0,
    1000.0,
    1000.0,
    1000.0,
    1000.0,
    1000.0,
    1000.0
  ],
  "ep_length_mean_T": [
    1000,
    11000,
    21000,
    31000,
    41000,
    51000,
    61000,
    71000,
    81000,
    91000,
    101000,
    111000,
    121000,
    131000,
    141000,
    151000,
    161000,
    171000,
    181000,
    191000,
    201000
  ],
  "episode": [
    50,
    100,
    150,
    200
  ],
  "episode_T": [
    50000,
    100000,
    150000,
    200000
  ],
  "epsilon": [
    1.0,
    0.81,
    0.6200000000000001,
    0.43000000000000005,
    0.2400000000000001,
    0.050000000000000155,
    0.05,
    0.05,
    0.05,
    0.05,
    0.05,
    0.05,
    0.05,
    0.05,
    0.05,
    0.05,
    0.05,
    0.05,
    0.05,
    0.05,
    0.05
  ],
  "epsilon_T": [
    1000,
    11000,
    21000,
    31000,
    41000,
    51000,
    61000,
    71000,
    81000,
    91000,
    101000,
    111000,
    121000,
    131000,
    141000,
    151000,
    161000,
    171000,
    181000,
    191000,
    201000
  ],
  "grad_norm": [
    2.0936086177825928,
    0.6227980852127075,
    0.26237553358078003,
    0.2760615646839142,
    0.184235081076622,
    0.2776051461696625,
    0.2935640215873718,
    0.2696862518787384,
    1.450136661529541,
    0.28396737575531006,
    2.2050867080688477,
    1.8196583986282349,
    1.018892526626587,
    0.7399438619613647,
    0.47476696968078613,
    2.155082941055298,
    1.341065764427185
  ],
  "grad_norm_T": [
    32000,
    42000,
    52000,
    62000,
    72000,
    82000,
    92000,
    102000,
    112000,
    122000,
    132000,
    142000,
    152000,
    162000,
    172000,
    182000,
    192000
  ],
  "loss": [
    1.0372467041015625,
    1.0625897645950317,
    0.8352789282798767,
    0.37559524178504944,
    0.6047871112823486,
    0.7627900242805481,
    0.9963746666908264,
    1.268653392791748,
    0.7030269503593445,
    0.6334461569786072,
    0.5226010680198669,
    1.1112900972366333,
    0.9497292637825012,
    0.164229616522789,
    0.3071705996990204,
    0.6297113299369812,
    0.7242771983146667
  ],
  "loss_T": [
    32000,
    42000,
    52000,
    62000,
    72000,
    82000,
    92000,
    102000,
    112000,
    122000,
    132000,
    142000,
    152000,
    162000,
    172000,
    182000,
    192000
  ],
  "q_taken_mean": [
    0.10710084533691407,
    0.12835504150390625,
    0.07638417816162109,
    0.0058336181640625,
    0.0327957649230957,
    0.04220854949951172,
    0.033251274108886716,
    0.0578470573425293,
    0.09578744506835937,
    0.09609295654296875,
    0.15095932006835938,
    0.05915737533569336,
    0.09256455993652343,
    0.10153302764892579,
    0.09251363372802734,
    0.09515023040771485,
    0.16336032104492187
  ],
  "q_taken_mean_T": [
    32000,
    42000,
    52000,
    62000,
    72000,
    82000,
    92000,
    102000,
    112000,
    122000,
    132000,
    142000,
    152000,
    162000,
    172000,
    182000,
    192000
  ],
  "return_mean": [
    {
      "dtype": "float64",
      "py/object": "numpy.float64",
      "value": 1.0
    },
    {
      "dtype": "float64",
      "py/object": "numpy.float64",
      "value": 0.7
    },
    {
      "dtype": "float64",
      "py/object": "numpy.float64",
      "value": 0.3
    },
    {
      "dtype": "float64",
      "py/object": "numpy.float64",
      "value": 0.3
    },
    {
      "dtype": "float64",
      "py/object": "numpy.float64",
      "value": 0.2
    },
    {
      "dtype": "float64",
      "py/object": "numpy.float64",
      "value": 0.0
    },
    {
      "dtype": "float64",
      "py/object": "numpy.float64",
      "value": 0.0
    },
    {
      "dtype": "float64",
      "py/object": "numpy.float64",
      "value": 0.0
    },
    {
      "dtype": "float64",
      "py/object": "numpy.float64",
      "value": 0.0
    },
    {
      "dtype": "float64",
      "py/object": "numpy.float64",
      "value": 0.0
    },
    {
      "dtype": "float64",
      "py/object": "numpy.float64",
      "value": 0.1
    },
    {
      "dtype": "float64",
      "py/object": "numpy.float64",
      "value": 0.1
    },
    {
      "dtype": "float64",
      "py/object": "numpy.float64",
      "value": 0.1
    },
    {
      "dtype": "float64",
      "py/object": "numpy.float64",
      "value": 0.0
    },
    {
      "dtype": "float64",
      "py/object": "numpy.float64",
      "value": 0.0
    },
    {
      "dtype": "float64",
      "py/object": "numpy.float64",
      "value": 0.0
    },
    {
      "dtype": "float64",
      "py/object": "numpy.float64",
      "value": 0.0
    },
    {
      "dtype": "float64",
      "py/object": "numpy.float64",
      "value": 0.0
    },
    {
      "dtype": "float64",
      "py/object": "numpy.float64",
      "value": 0.0
    },
    {
      "dtype": "float64",
      "py/object": "numpy.float64",
      "value": 0.0
    },
    {
      "dtype": "float64",
      "py/object": "numpy.float64",
      "value": 0.0
    }
  ],
  "return_mean_T": [
    1000,
    11000,
    21000,
    31000,
    41000,
    51000,
    61000,
    71000,
    81000,
    91000,
    101000,
    111000,
    121000,
    131000,
    141000,
    151000,
    161000,
    171000,
    181000,
    191000,
    201000
  ],
  "return_std": [
    {
      "dtype": "float64",
      "py/object": "numpy.float64",
      "value": 0.0
    },
    {
      "dtype": "float64",
      "py/object": "numpy.float64",
      "value": 0.7810249675906655
    },
    {
      "dtype": "float64",
      "py/object": "numpy.float64",
      "value": 0.45825756949558394
    },
    {
      "dtype": "float64",
      "py/object": "numpy.float64",
      "value": 0.6403124237432849
    },
    {
      "dtype": "float64",
      "py/object": "numpy.float64",
      "value": 0.4000000000000001
    },
    {
      "dtype": "float64",
      "py/object": "numpy.float64",
      "value": 0.0
    },
    {
      "dtype": "float64",
      "py/object": "numpy.float64",
      "value": 0.0
    },
    {
      "dtype": "float64",
      "py/object": "numpy.float64",
      "value": 0.0
    },
    {
      "dtype": "float64",
      "py/object": "numpy.float64",
      "value": 0.0
    },
    {
      "dtype": "float64",
      "py/object": "numpy.float64",
      "value": 0.0
    },
    {
      "dtype": "float64",
      "py/object": "numpy.float64",
      "value": 0.30000000000000004
    },
    {
      "dtype": "float64",
      "py/object": "numpy.float64",
      "value": 0.30000000000000004
    },
    {
      "dtype": "float64",
      "py/object": "numpy.float64",
      "value": 0.30000000000000004
    },
    {
      "dtype": "float64",
      "py/object": "numpy.float64",
      "value": 0.0
    },
    {
      "dtype": "float64",
      "py/object": "numpy.float64",
      "value": 0.0
    },
    {
      "dtype": "float64",
      "py/object": "numpy.float64",
      "value": 0.0
    },
    {
      "dtype": "float64",
      "py/object": "numpy.float64",
      "value": 0.0
    },
    {
      "dtype": "float64",
      "py/object": "numpy.float64",
      "value": 0.0
    },
    {
      "dtype": "float64",
      "py/object": "numpy.float64",
      "value": 0.0
    },
    {
      "dtype": "float64",
      "py/object": "numpy.float64",
      "value": 0.0
    },
    {
      "dtype": "float64",
      "py/object": "numpy.float64",
      "value": 0.0
    }
  ],
  "return_std_T": [
    1000,
    11000,
    21000,
    31000,
    41000,
    51000,
    61000,
    71000,
    81000,
    91000,
    101000,
    111000,
    121000,
    131000,
    141000,
    151000,
    161000,
    171000,
    181000,
    191000,
    201000
  ],