{
  "advantage_mean": [
    0.034805679321289064
  ],
  "advantage_mean_T": [
    5000
  ],
  "agent_grad_norm": [
    0.012091917917132378
  ],
  "agent_grad_norm_T": [
    5000
  ],
  "critic_grad_norm": [
    0.19336630403995514
  ],
  "critic_grad_norm_T": [
    5000
  ],
  "critic_loss": [
    0.007164691109210253
  ],
  "critic_loss_T": [
    5000
  ],
  "ep_length_mean": [
    500.0
  ],
  "ep_length_mean_T": [
    5000
  ],
  "pg_loss": [
    -0.036442335695028305
  ],
  "pg_loss_T": [
    5000
  ],
  "pi_max": [
    0.275207470703125
  ],
  "pi_max_T": [
    5000
  ],
  "q_taken_mean": [
    -0.04998063049316406
  ],
  "q_taken_mean_T": [
    5000
  ],
  "return_mean": [
    {
      "dtype": "float64",
      "py/object": "numpy.float64",
      "value": 0.3
    }
  ],
  "return_mean_T": [
    5000
  ],
  "return_std": [
    {
      "dtype": "float64",
      "py/object": "numpy.float64",
      "value": 0.45825756949558405
    }
  ],
  "return_std_T": [
    5000
  ],
  "target_mean": [
    -0.015174951171875
  ],
  "target_mean_T": [
    5000
  ],
  "td_error_abs": [
    0.038173394775390626
  ],
  "td_error_abs_T": [
    5000
  ],
  "test_ep_length_mean": [
    500.0
  ],
  "test_ep_length_mean_T": [
    5000
  ],
  "test_return_mean": [
    {
      "dtype": "float64",
      "py/object": "numpy.float64",
      "value": 0.18
    }
  ],
  "test_return_mean_T": [
    5000
  ],
  "test_return_std": [
    {
      "dtype": "float64",
      "py/object": "numpy.float64",
      "value": 0.4093897898091744
    }
  ],
  "test_return_std_T": [
    5000
  ]
}