{
  "ep_length_mean": [
    500.0,
    500.0,
    500.0,
    500.0,
    500.0,
    500.0,
    500.0,
    500.0,
    500.0,
    500.0,
    500.0,
    500.0,
    500.0,
    500.0,
    500.0,
    500.0,
    500.0,
    500.0,
    500.0,
    500.0,
    500.0
  ],
  "ep_length_mean_T": [
    500,
    10500,
    20500,
    30500,
    40500,
    50500,
    60500,
    70500,
    80500,
    90500,
    100500,
    110500,
    120500,
    130500,
    140500,
    150500,
    160500,
    170500,
    180500,
    190500,
    200500
  ],
  "episode": [
    100,
    200,
    300,
    400
  ],
  "episode_T": [
    50000,
    100000,
    150000,
    200000
  ],
  "epsilon": [
    1.0,
    0.81,
    0.6200000000000001,
    0.43000000000000005,
    0.2400000000000001,
    0.050000000000000155,
    0.05,
    0.05,
    0.05,
    0.05,
    0.05,
    0.05,
    0.05,
    0.05,
    0.05,
    0.05,
    0.05,
    0.05,
    0.05,
    0.05,
    0.05
  ],
  "epsilon_T": [
    500,
    10500,
    20500,
    30500,
    40500,
    50500,
    60500,
    70500,
    80500,
    90500,
    100500,
    110500,
    120500,
    130500,
    140500,
    150500,
    160500,
    170500,
    180500,
    190500,
    200500
  ],
  "grad_norm": [
    4.510976791381836,
    0.42793843150138855,
    0.22479821741580963,
    0.22887805104255676,
    1.4343088865280151,
    1.174662709236145,
    1.2773687839508057,
    1.1788467168807983,
    1.224272608757019,
    3.1300079822540283,
    10.597954750061035,
    10.044556617736816,
    10.112020492553711,
    6.148396015167236,
    4.929863452911377,
    2.4481797218322754,
    4.8859429359436035,
    9.325663566589355,
    7.29064416885376
  ],
  "grad_norm_T": [
    16000,
    26000,
    36000,
    46000,
    56000,
    66000,
    76000,
    86000,
    96000,
    106000,
    116000,
    126000,
    136000,
    146000,
    156000,
    166000,
    176000,
    186000,
    196000
  ],
  "loss": [
    1.0525109767913818,
    0.9828490614891052,
    0.5564561486244202,
    0.44557759165763855,
    1.0094183683395386,
    0.5976022481918335,
    0.38295629620552063,
    0.6808257102966309,
    0.5519388914108276,
    0.26614001393318176,
    0.491792231798172,
    0.5005133152008057,
    0.9853922128677368,
    0.5179755687713623,
    0.29792192578315735,
    0.1498810201883316,
    0.35234594345092773,
    0.3031136989593506,
    0.32546186447143555
  ],
  "loss_T": [
    16000,
    26000,
    36000,
    46000,
    56000,
    66000,
    76000,
    86000,
    96000,
    106000,
    116000,
    126000,
    136000,
    146000,
    156000,
    166000,
    176000,
    186000,
    196000
  ],
  "q_taken_mean": [
    0.15833424377441407,
    0.23567947387695312,
    0.19567001342773438,
    0.14587457275390625,
    0.17510494995117187,
    0.1359139099121094,
    0.14244845581054688,
    0.20774063110351562,
    0.2342657928466797,
    0.15435005187988282,
    0.18269448852539064,
    0.2984100036621094,
    0.14646658325195314,
    0.22229486083984376,
    0.16885372924804687,
    0.1847393798828125,
    0.23800679016113283,
    0.3460592041015625,
    0.20929241943359375
  ],
  "q_taken_mean_T": [
    16000,
    26000,
    36000,
    46000,
    56000,
    66000,
    76000,
    86000,
    96000,
    106000,
    116000,
    126000,
    136000,
    146000,
    156000,
    166000,
    176000,
    186000,
    196000
  ],
  "return_mean": [
    {
      "dtype": "float64",
      "py/object": "numpy.float64",
      "value": 0.0
    },
    {
      "dtype": "float64",
      "py/object": "numpy.float64",
      "value": 0.5
    },
    {
      "dtype": "float64",
      "py/object": "numpy.float64",
      "value": 0.45
    },
    {
      "dtype": "float64",
      "py/object": "numpy.float64",
      "value": 0.3
    },
    {
      "dtype": "float64",
      "py/object": "numpy.float64",
      "value": 0.25
    },
    {
      "dtype": "float64",
      "py/object": "numpy.float64",
      "value": 0.0
    },
    {
      "dtype": "float64",
      "py/object": "numpy.float64",
      "value": 0.0
    },
    {
      "dtype": "float64",
      "py/object": "numpy.float64",
      "value": 0.0
    },
    {
      "dtype": "float64",
      "py/object": "numpy.float64",
      "value": 0.0
    },
    {
      "dtype": "float64",
      "py/object": "numpy.float64",
      "value": 0.0
    },
    {
      "dtype": "float64",
      "py/object": "numpy.float64",
      "value": 0.0
    },
    {
      "dtype": "float64",
      "py/object": "numpy.float64",
      "value": 0.0
    },
    {
      "dtype": "float64",
      "py/object": "numpy.float64",
      "value": 0.0
    },
    {
      "dtype": "float64",
      "py/object": "numpy.float64",
      "value": 0.0
    },
    {
      "dtype": "float64",
      "py/object": "numpy.float64",
      "value": 0.0
    },
    {
      "dtype": "float64",
      "py/object": "numpy.float64",
      "value": 0.0
    },
    {
      "dtype": "float64",
      "py/object": "numpy.float64",
      "value": 0.0
    },
    {
      "dtype": "float64",
      "py/object": "numpy.float64",
      "value": 0.0
    },
    {
      "dtype": "float64",
      "py/object": "numpy.float64",
      "value": 0.05
    },
    {
      "dtype": "float64",
      "py/object": "numpy.float64",
      "value": 0.0
    },
    {
      "dtype": "float64",
      "py/object": "numpy.float64",
      "value": 0.0
    }
  ],
  "return_mean_T": [
    500,
    10500,
    20500,
    30500,
    40500,
    50500,
    60500,
    70500,
    80500,
    90500,
    100500,
    110500,
    120500,
    130500,
    140500,
    150500,
    160500,
    170500,
    180500,
    190500,
    200500
  ],
  "return_std": [
    {
      "dtype": "float64",
      "py/object": "numpy.float64",
      "value": 0.0
    },
    {
      "dtype": "float64",
      "py/object": "numpy.float64",
      "value": 0.5916079783099616
    },
    {
      "dtype": "float64",
      "py/object": "numpy.float64",
      "value": 0.6689544080129827
    },
    {
      "dtype": "float64",
      "py/object": "numpy.float64",
      "value": 0.45825756949558394
    },
    {
      "dtype": "float64",
      "py/object": "numpy.float64",
      "value": 0.4330127018922193
    },
    {
      "dtype": "float64",
      "py/object": "numpy.float64",
      "value": 0.0
    },
    {
      "dtype": "float64",
      "py/object": "numpy.float64",
      "value": 0.0
    },
    {
      "dtype": "float64",
      "py/object": "numpy.float64",
      "value": 0.0
    },
    {
      "dtype": "float64",
      "py/object": "numpy.float64",
      "value": 0.0
    },
    {
      "dtype": "float64",
      "py/object": "numpy.float64",
      "value": 0.0
    },
    {
      "dtype": "float64",
      "py/object": "numpy.float64",
      "value": 0.0
    },
    {
      "dtype": "float64",
      "py/object": "numpy.float64",
      "value": 0.0
    },
    {
      "dtype": "float64",
      "py/object": "numpy.float64",
      "value": 0.0
    },
    {
      "dtype": "float64",
      "py/object": "numpy.float64",
      "value": 0.0
    },
    {
      "dtype": "float64",
      "py/object": "numpy.float64",
      "value": 0.0
    },
    {
      "dtype": "float64",
      "py/object": "numpy.float64",
      "value": 0.0
    },
    {
      "dtype": "float64",
      "py/object": "numpy.float64",
      "value": 0.0
    },
    {
      "dtype": "float64",
      "py/object": "numpy.float64",
      "value": 0.0
    },
    {
      "dtype": "float64",
      "py/object": "numpy.float64",
      "value": 0.21794494717703364
    },
    {
      "dtype": "float64",
      "py/object": "numpy.float64",
      "value": 0.0
    },
    {
      "dtype": "float64",
      "py/object": "numpy.float64",
      "value": 0.0
    }
  ],
  "return_std_T": [
    500,
    10500,
    20500,
    30500,
    40500,
    50500,
    60500,
    70500,
    80500,
    90500,
    100500,
    110500,
    120500,
    130500,
    140500,
    150500,
    160500,
    170500,
    180500,
    190500,
    200500
  ],