{
  "advantage_mean": [
    -0.018846826171875
  ],
  "advantage_mean_T": [
    5000
  ],
  "critic_grad_norm": [
    0.3913763761520386
  ],
  "critic_grad_norm_T": [
    5000
  ],
  "critic_loss": [
    9.094258308410645
  ],
  "critic_loss_T": [
    5000
  ],
  "ep_length_mean": [
    500.0
  ],
  "ep_length_mean_T": [
    5000
  ],
  "pg_loss": [
    0.01194173563271761
  ],
  "pg_loss_T": [
    5000
  ],
  "q_taken_mean": [
    -0.11815767822265626
  ],
  "q_taken_mean_T": [
    5000
  ],
  "return_mean": [
    {
      "dtype": "float64",
      "py/object": "numpy.float64",
      "value": 0.2
    }
  ],
  "return_mean_T": [
    5000
  ],
  "return_std": [
    {
      "dtype": "float64",
      "py/object": "numpy.float64",
      "value": 0.4000000000000001
    }
  ],
  "return_std_T": [
    5000
  ],
  "target_mean": [
    -0.13700452880859376
  ],
  "target_mean_T": [
    5000
  ],
  "td_error_abs": [
    0.39918505859375
  ],
  "td_error_abs_T": [
    5000
  ]
}